from,to
TokyoMetro.Hibiya.MinamiSenju,Tobu.TobuSkytree.KitaSenju
Tobu.TobuSkytree.Kosuge,TokyoMetro.Hibiya.KitaSenju
TokyoMetro.Tozai.BarakiNakayama,ToyoRapid.ToyoRapid.NishiFunabashi
ToyoRapid.ToyoRapid.HigashiKaijin,TokyoMetro.Tozai.NishiFunabashi
Odakyu.Odawara.HigashiKitazawa,TokyoMetro.Chiyoda.YoyogiUehara
Odakyu.Odawara.ShimoKitazawa,TokyoMetro.Chiyoda.YoyogiUehara
Odakyu.Odawara.YoyogiUehara,TokyoMetro.Chiyoda.YoyogiKoen
Odakyu.Odawara.YoyogiUehara,TokyoMetro.Chiyoda.OmoteSando
Odakyu.Odawara.SeijogakuenMae,TokyoMetro.Chiyoda.OmoteSando
TokyoMetro.Chiyoda.OmoteSando,Odakyu.Odawara.SeijogakuenMae
TokyoMetro.Fukutoshin.Senkawa,Seibu.SeibuYurakucho.KotakeMukaihara
TokyoMetro.Yurakucho.Senkawa,Seibu.SeibuYurakucho.KotakeMukaihara
Seibu.SeibuYurakucho.ShinSakuradai,TokyoMetro.Fukutoshin.KotakeMukaihara
Seibu.SeibuYurakucho.ShinSakuradai,TokyoMetro.Yurakucho.KotakeMukaihara
Seibu.Ikebukuro.Nakamurabashi,Seibu.SeibuYurakucho.Nerima
Seibu.Ikebukuro.ShakujiiKoen,Seibu.SeibuYurakucho.Nerima
Seibu.SeibuYurakucho.ShinSakuradai,Seibu.Ikebukuro.Nerima
Tobu.Tojo.Asaka,TokyoMetro.Fukutoshin.Wakoshi
Tobu.Tojo.Asaka,TokyoMetro.Yurakucho.Wakoshi
Tobu.Tojo.Asakadai,TokyoMetro.Fukutoshin.Wakoshi
Tobu.Tojo.Asakadai,TokyoMetro.Yurakucho.Wakoshi
TokyoMetro.Fukutoshin.ChikatetsuNarimasu,Tobu.Tojo.Wakoshi
TokyoMetro.Yurakucho.ChikatetsuNarimasu,Tobu.Tojo.Wakoshi
TokyoMetro.Fukutoshin.KotakeMukaihara,Tobu.Tojo.Wakoshi
TokyoMetro.Yurakucho.KotakeMukaihara,Tobu.Tojo.Wakoshi
Tokyu.Toyoko.DaikanYama,TokyoMetro.Fukutoshin.Shibuya
Tokyu.Toyoko.NakaMeguro,TokyoMetro.Fukutoshin.Shibuya
TokyoMetro.Fukutoshin.MeijiJingumae,Tokyu.Toyoko.Shibuya
TokyoMetro.Fukutoshin.ShinjukuSanchome,Tokyu.Toyoko.Shibuya
Tokyu.DenEnToshi.Ikejiriohashi,TokyoMetro.Hanzomon.Shibuya
Tokyu.DenEnToshi.SangenJaya,TokyoMetro.Hanzomon.Shibuya
TokyoMetro.Hanzomon.OmoteSando,Tokyu.DenEnToshi.Shibuya
Tobu.TobuSkytreeBranch.Hikifune,TokyoMetro.Hanzomon.Oshiage
TokyoMetro.Hanzomon.Kinshicho,Tobu.TobuSkytreeBranch.Oshiage
Tobu.TobuSkytreeBranch.Oshiage,Tobu.TobuSkytree.Hikifune
Tobu.TobuSkytree.KitaSenju,Tobu.TobuSkytreeBranch.Hikifune
Tokyu.Meguro.FudoMae,TokyoMetro.Namboku.Meguro
Tokyu.Meguro.MusashiKoyama,TokyoMetro.Namboku.Meguro
TokyoMetro.Namboku.Shirokanedai,Tokyu.Meguro.Meguro
TokyoMetro.Namboku.Shimo,SaitamaRailway.SaitamaRailway.AkabaneIwabuchi
SaitamaRailway.SaitamaRailway.KawaguchiMotogo,TokyoMetro.Namboku.AkabaneIwabuchi
Toei.Mita.Shirokanedai,Tokyu.Meguro.Meguro
Tokyu.Meguro.FudoMae,Toei.Mita.Meguro
Tokyu.Meguro.MusashiKoyama,Toei.Mita.Meguro
Toei.Asakusa.Mita,Keikyu.Main.Sengakuji
Keikyu.Main.Shinagawa,Toei.Asakusa.Sengakuji
Toei.Asakusa.HonjoAzumabashi,Keisei.Oshiage.Oshiage
Toei.Asakusa.Asakusa,Keisei.Oshiage.Oshiage
Keisei.Oshiage.KeiseiHikifune,Toei.Asakusa.Oshiage
Keisei.Oshiage.Aoto,Toei.Asakusa.Oshiage
Tokyu.Toyoko.Kikuna,Minatomirai.Minatomirai.Yokohama
Tokyu.Toyoko.Tammachi,Minatomirai.Minatomirai.Yokohama
Minatomirai.Minatomirai.ShinTakashima,Tokyu.Toyoko.Yokohama
Minatomirai.Minatomirai.Minatomirai,Tokyu.Toyoko.Yokohama
Tokyu.Oimachi.Takatsu,Tokyu.DenEnToshi.Mizonokuchi
Tokyu.Oimachi.FutakoTamagawa,Tokyu.DenEnToshi.Mizonokuchi
Tokyu.DenEnToshi.Kajigaya,Tokyu.Oimachi.Mizonokuchi
Tokyu.DenEnToshi.Saginuma,Tokyu.Oimachi.Mizonokuchi
Keikyu.Airport.Kojiya,Keikyu.Main.KeikyuKamata
Keikyu.Airport.HanedaAirportInternationalTerminal,Keikyu.Main.KeikyuKamata
Keikyu.Main.Umeyashiki,Keikyu.Airport.KeikyuKamata
Keikyu.Main.Heiwajima,Keikyu.Airport.KeikyuKamata
Keikyu.Main.Shinagawa,Keikyu.Airport.KeikyuKamata
Keikyu.Zushi.Mutsuura,Keikyu.Main.KanazawaHakkei
Keikyu.Main.KanazawaBunko,Keikyu.Zushi.KanazawaHakkei
Keikyu.Kurihama.Shinotsu,Keikyu.Main.Horinouchi
Keikyu.Main.Kenritsudaigaku,Keikyu.Kurihama.Horinouchi
Keikyu.Main.YokosukaChuo,Keikyu.Kurihama.Horinouchi
Odakyu.Tama.Satsukidai,Odakyu.Odawara.ShinYurigaoka
Odakyu.Tama.Satsukidai,Odakyu.Odawara.ShinYurigaoka
Odakyu.Odawara.Yurigaoka,Odakyu.Tama.ShinYurigaoka
Odakyu.Odawara.MukogaokaYuen,Odakyu.Tama.ShinYurigaoka
Odakyu.Odawara.Machida,Odakyu.Enoshima.SagamiOno
Odakyu.Enoshima.HigashiRinkan,Odakyu.Odawara.SagamiOno
Odakyu.Enoshima.ChuoRinkan,Odakyu.Odawara.SagamiOno
Seibu.Toshima.Toshimaen,Seibu.Ikebukuro.Nerima
Seibu.Ikebukuro.Sakuradai,Seibu.Toshima.Nerima
Seibu.Sayama.ShimoYamaguchi,Seibu.Ikebukuro.NishiTokorozawa
Seibu.Ikebukuro.Tokorozawa,Seibu.Sayama.NishiTokorozawa
Seibu.SeibuChichibu.NishiAgano,Seibu.Ikebukuro.Agano
Seibu.Ikebukuro.HigashiAgano,Seibu.SeibuChichibu.Agano
Seibu.Ikebukuro.Hanno,Seibu.SeibuChichibu.SeibuChichibu
Seibu.SeibuChichibu.SeibuChichibu,Seibu.Ikebukuro.Hanno
Seibu.SeibuChichibu.Ashigakubo,Seibu.Ikebukuro.Koma
Seibu.Ikebukuro.Koma,Seibu.SeibuChichibu.Ashigakubo
Seibu.SeibuChichibu.Yokoze,Seibu.Ikebukuro.Koma
Seibu.Ikebukuro.Koma,Seibu.SeibuChichibu.Yokoze
Seibu.Ikebukuro.Hanno,Seibu.SeibuChichibu.Ashigakubo
Seibu.SeibuChichibu.Ashigakubo,Seibu.Ikebukuro.Hanno
Seibu.SeibuChichibu.Yokoze,Seibu.Ikebukuro.Hanno
Seibu.Ikebukuro.Hanno,Seibu.SeibuChichibu.Yokoze
Seibu.Haijima.Higayama,Seibu.Shinjuku.Kodaira
Seibu.Shinjuku.HanaKoganei,Seibu.Haijima.Kodaira
Seibu.Shinjuku.Tanashi,Seibu.Haijima.Kodaira
Seibu.Shinjuku.Takadanobaba,Seibu.Haijima.Kodaira
Seibu.Kokubunji.Ogawa,Seibu.Shinjuku.HigashiMurayama
Seibu.Shinjuku.Tokorozawa,Seibu.Kokubunji.HigashiMurayama
Seibu.Seibuen.Seibuen,Seibu.Kokubunji.HigashiMurayama
Seibu.Kokubunji.Ogawa,Seibu.Seibuen.HigashiMurayama
Tobu.TobuSkytree.Himemiya,Tobu.Nikko.TobuDobutsuKoen
Tobu.TobuSkytree.Kasukabe,Tobu.Nikko.TobuDobutsuKoen
Tobu.TobuSkytree.Himemiya,Tobu.Isesaki.TobuDobutsuKoen
Tobu.TobuSkytree.Kasukabe,Tobu.Isesaki.TobuDobutsuKoen
Tobu.Nikko.SugitoTakanodai,Tobu.TobuSkytree.TobuDobutsuKoen
Tobu.Isesaki.Wado,Tobu.TobuSkytree.TobuDobutsuKoen
Tobu.Isesaki.Hanyu,Tobu.Sano.Tatebayashi
Tobu.Sano.Sanoshi,Tobu.Isesaki.Tatebayashi
Tobu.Koizumi.Koizumimachi,Tobu.KoizumiBranch.HigashiKoizumi
Tobu.KoizumiBranch.Ryumai,Tobu.Koizumi.HigashiKoizumi
Tobu.Isesaki.Ashikagashi,Tobu.Kiryu.Ota
Tobu.Kiryu.Yabuzuka,Tobu.Isesaki.Ota
Tobu.KoizumiBranch.Ryumai,Tobu.Kiryu.Ota
Tobu.Kiryu.Sammaibashi,Tobu.KoizumiBranch.Ota
Tobu.Nikko.Tochigi,Tobu.Utsunomiya.ShinTochigi
Tobu.Utsunomiya.Mibu,Tobu.Nikko.ShinTochigi
Tobu.Utsunomiya.YashuHirakawa,Tobu.Nikko.ShinTochigi
Tobu.Kinugawa.TobuWorldSquare,Tobu.Nikko.ShimoImaichi
Tobu.Kinugawa.Daiyamuko,Tobu.Nikko.ShimoImaichi
Tobu.Nikko.ShinKanuma,Tobu.Kinugawa.ShimoImaichi
Tobu.Nikko.Myojin,Tobu.Kinugawa.ShimoImaichi
Keisei.Main.KeiseiTakasago,Keisei.Oshiage.Aoto
Keisei.Oshiage.KeiseiTateishi,Keisei.Main.Aoto
Keisei.Oshiage.Oshiage,Keisei.Main.Aoto
Keisei.Main.Aoto,Keisei.Kanamachi.KeiseiTakasago
Keisei.Oshiage.Aoto,Keisei.NaritaSkyAccess.KeiseiTakasago
Keisei.Main.Aoto,Keisei.NaritaSkyAccess.KeiseiTakasago
Keisei.NaritaSkyAccess.HigashiMatsudo,Keisei.Main.KeiseiTakasago
Keisei.Kanamachi.Shibamata,Keisei.Main.KeiseiTakasago
Keisei.Main.Yatsu,Keisei.Chiba.KeiseiTsudanuma
Keisei.Chiba.KeiseiMakuharihongo,Keisei.Main.KeiseiTsudanuma
Keisei.HigashiNarita.HigashiNarita,Keisei.Main.KeiseiNarita
Keisei.Main.Kozunomori,Keisei.HigashiNarita.KeiseiNarita
Keisei.Main.KeiseiSakura,Keisei.HigashiNarita.KeiseiNarita
